Reference,Biomass materials,C (%),H (%),O (%),N (%),M (%),VM (%),Ash (%),FC (%),Cel (%),Hem (%),Lig (%),AT(℃),RT(℃/min),HT(min),IR,Cond(A/g),Cap(F/g),Family
[1],Potato waste residue,40.81,5.87,52.04,1.16,4.24,77.04,3.02,15.7,31.2,16.6,49.1,700.0,5.0,120.0,2.0,0.5,255.0,Other biomass
[1],Potato waste residue,40.81,5.87,52.04,1.16,4.24,77.04,3.02,15.7,31.2,16.6,49.1,700.0,5.0,120.0,2.0,10.0,192.0,Other biomass
[1],Potato waste residue,40.81,5.87,52.04,1.16,4.24,77.04,3.02,15.7,31.2,16.6,49.1,700.0,5.0,120.0,2.0,8.0,197.0,Other biomass
[1],Potato waste residue,40.81,5.87,52.04,1.16,4.24,77.04,3.02,15.7,31.2,16.6,49.1,700.0,5.0,120.0,2.0,6.0,208.0,Other biomass
[1],Potato waste residue,40.81,5.87,52.04,1.16,4.24,77.04,3.02,15.7,31.2,16.6,49.1,700.0,5.0,120.0,2.0,2.0,224.0,Other biomass
[2],corn husks,46.82,5.74,41.36,0.66,5.72,74.4,5.01,16.1,46.2,33.8,3.92,800.0,5.0,60.0,1.0,1.0,312.0,Herbaceous residues
[2],corn husks,46.82,5.74,41.36,0.66,5.72,74.4,5.01,16.1,46.2,33.8,3.92,800.0,5.0,60.0,1.4,1.0,356.0,Herbaceous residues
[2],corn husks,46.82,5.74,41.36,0.66,5.72,74.4,5.01,16.1,46.2,33.8,3.92,800.0,5.0,60.0,1.8,1.0,344.0,Herbaceous residues
[3],Pomelo mesocarps,42.3,5.76,44.26,0.5,18.3,78.2,4.84,16.9,46.2,18.8,10.2,800.0,5.0,60.0,0.0,0.5,206.0,Fruit/nut residues
[3],Pomelo mesocarps,42.3,5.76,44.26,0.5,18.3,78.2,4.84,16.9,46.2,18.8,10.2,800.0,5.0,120.0,1.0,0.5,245.0,Fruit/nut residues
[3],Pomelo mesocarps,42.3,5.76,44.26,0.5,18.3,78.2,4.84,16.9,46.2,18.8,10.2,800.0,5.0,120.0,1.0,10.0,196.0,Fruit/nut residues
[3],Pomelo mesocarps,42.3,5.76,44.26,0.5,18.3,78.2,4.84,16.9,46.2,18.8,10.2,800.0,5.0,120.0,1.0,20.0,185.0,Fruit/nut residues
[3],Pomelo mesocarps,42.3,5.76,44.26,0.5,18.3,78.2,4.84,16.9,46.2,18.8,10.2,800.0,5.0,120.0,1.0,2.0,220.0,Fruit/nut residues
[3],Pomelo mesocarps,42.3,5.76,44.26,0.5,18.3,78.2,4.84,16.9,46.2,18.8,10.2,800.0,5.0,60.0,0.0,10.0,130.0,Fruit/nut residues
[3],Pomelo mesocarps,42.3,5.76,44.26,0.5,18.3,78.2,4.84,16.9,46.2,18.8,10.2,800.0,5.0,60.0,0.0,20.0,125.0,Fruit/nut residues
[3],Pomelo mesocarps,42.3,5.76,44.26,0.5,18.3,78.2,4.84,16.9,46.2,18.8,10.2,800.0,5.0,60.0,0.0,2.0,168.0,Fruit/nut residues
[4],sugar cane bagasse,44.86,5.87,48.97,0.24,5.4,80.2,11.3,3.1,47.6,39.0,11.2,800.0,5.0,120.0,1.0,1.0,350.7,Woody/lignified
[4],sugar cane bagasse,44.86,5.87,48.97,0.24,5.4,80.2,11.3,3.1,47.6,39.0,11.2,800.0,5.0,120.0,1.0,2.0,318.4,Woody/lignified
[4],sugar cane bagasse,44.86,5.87,48.97,0.24,5.4,80.2,11.3,3.1,47.6,39.0,11.2,800.0,5.0,120.0,1.0,5.0,291.5,Woody/lignified
[4],sugar cane bagasse,44.86,5.87,48.97,0.24,5.4,80.2,11.3,3.1,47.6,39.0,11.2,800.0,5.0,120.0,1.0,10.0,276.8,Woody/lignified
[4],sugar cane bagasse,44.86,5.87,48.97,0.24,5.4,80.2,11.3,3.1,47.6,39.0,11.2,800.0,5.0,120.0,1.0,20.0,266.8,Woody/lignified
[4],sugar cane bagasse,44.86,5.87,48.97,0.24,5.4,80.2,11.3,3.1,47.6,39.0,11.2,800.0,5.0,120.0,1.0,50.0,254.5,Woody/lignified
[4],sugar cane bagasse,44.86,5.87,48.97,0.24,5.4,80.2,11.3,3.1,47.6,39.0,11.2,800.0,5.0,120.0,1.0,100.0,244.0,Woody/lignified
[4],sugar cane bagasse,44.86,5.87,48.97,0.24,5.4,80.2,11.3,3.1,47.6,39.0,11.2,900.0,5.0,60.0,1.0,0.1,240.0,Woody/lignified
[4],sugar cane bagasse,44.86,5.87,48.97,0.24,5.4,80.2,11.3,3.1,47.6,39.0,11.2,900.0,5.0,60.0,2.0,20.0,180.0,Woody/lignified
[4],sugar cane bagasse,44.86,5.87,48.97,0.24,5.4,80.2,11.3,3.1,47.6,39.0,11.2,900.0,5.0,60.0,2.0,40.0,170.0,Woody/lignified
[4],sugar cane bagasse,44.86,5.87,48.97,0.24,5.4,80.2,11.3,3.1,47.6,39.0,11.2,900.0,5.0,60.0,2.0,0.1,297.0,Woody/lignified
[4],sugar cane bagasse,44.86,5.87,48.97,0.24,5.4,80.2,11.3,3.1,47.6,39.0,11.2,900.0,5.0,60.0,3.5,0.1,277.0,Woody/lignified
[4],sugar cane bagasse,44.86,5.87,48.97,0.24,5.4,80.2,11.3,3.1,47.6,39.0,11.2,900.0,5.0,60.0,3.5,5.0,256.0,Woody/lignified
[4],sugar cane bagasse,44.86,5.87,48.97,0.24,5.4,80.2,11.3,3.1,47.6,39.0,11.2,900.0,5.0,60.0,3.5,10.0,240.0,Woody/lignified
[4],sugar cane bagasse,44.86,5.87,48.97,0.24,5.4,80.2,11.3,3.1,47.6,39.0,11.2,750.0,5.0,60.0,1.0,0.1,300.0,Woody/lignified
[4],sugar cane bagasse,44.86,5.87,48.97,0.24,5.4,80.2,11.3,3.1,47.6,39.0,11.2,750.0,5.0,60.0,1.0,4.0,223.0,Woody/lignified
[4],sugar cane bagasse,44.86,5.87,48.97,0.24,5.4,80.2,11.3,3.1,47.6,39.0,11.2,750.0,5.0,60.0,1.0,6.0,198.0,Woody/lignified
[4],sugar cane bagasse,44.86,5.87,48.97,0.24,5.4,80.2,11.3,3.1,47.6,39.0,11.2,750.0,5.0,60.0,1.0,18.0,170.0,Woody/lignified
[5],rice straw,47.5,6.55,44.88,1.07,5.68,66.7,14.11,13.5,36.3,20.7,9.8,850.0,5.0,120.0,1.0,0.5,178.0,Herbaceous residues
[5],rice straw,47.6,6.55,44.88,1.07,5.68,66.7,14.11,13.5,36.3,20.7,9.8,850.0,5.0,120.0,1.0,0.5,324.0,Herbaceous residues
[6],oil-tea seed shell ,47.41,5.85,46.43,0.31,7.88,71.5,4.02,16.6,15.1,23.6,8.8,350.0,10.0,60.0,3.0,0.5,421.0,Fruit/nut residues
[6],oil-tea seed shell ,47.41,5.85,46.43,0.31,7.88,71.5,4.02,16.6,15.1,23.6,8.8,350.0,10.0,60.0,3.0,1.0,349.0,Fruit/nut residues
[6],oil-tea seed shell ,47.41,5.85,46.43,0.31,7.88,71.5,4.02,16.6,15.1,23.6,8.8,350.0,10.0,60.0,3.0,5.0,323.0,Fruit/nut residues
[6],oil-tea seed shell ,47.41,5.85,46.43,0.31,7.88,71.5,4.02,16.6,15.1,23.6,8.8,350.0,10.0,60.0,3.0,10.0,290.0,Fruit/nut residues
[6],oil-tea seed shell ,47.41,5.85,46.43,0.31,7.88,71.5,4.02,16.6,15.1,23.6,8.8,450.0,10.0,60.0,3.0,0.5,357.9,Fruit/nut residues
[6],oil-tea seed shell ,47.41,5.85,46.43,0.31,7.88,71.5,4.02,16.6,15.1,23.6,8.8,450.0,10.0,60.0,3.0,1.0,310.0,Fruit/nut residues
[6],oil-tea seed shell ,47.41,5.85,46.43,0.31,7.88,71.5,4.02,16.6,15.1,23.6,8.8,450.0,10.0,60.0,3.0,5.0,280.0,Fruit/nut residues
[6],oil-tea seed shell ,47.41,5.85,46.43,0.31,7.88,71.5,4.02,16.6,15.1,23.6,8.8,450.0,10.0,60.0,3.0,10.0,245.0,Fruit/nut residues
[6],oil-tea seed shell ,47.41,5.85,46.43,0.31,7.88,71.5,4.02,16.6,15.1,23.6,8.8,450.0,10.0,60.0,3.0,20.0,195.0,Fruit/nut residues
[6],oil-tea seed shell ,47.41,5.85,46.43,0.31,7.88,71.5,4.02,16.6,15.1,23.6,8.8,550.0,10.0,60.0,3.0,0.5,365.1,Fruit/nut residues
[6],oil-tea seed shell ,47.41,5.85,46.43,0.31,7.88,71.5,4.02,16.6,15.1,23.6,8.8,550.0,10.0,60.0,3.0,1.0,289.6,Fruit/nut residues
[6],oil-tea seed shell ,47.41,5.85,46.43,0.31,7.88,71.5,4.02,16.6,15.1,23.6,8.8,550.0,10.0,60.0,3.0,5.0,270.0,Fruit/nut residues
[6],oil-tea seed shell ,47.41,5.85,46.43,0.31,7.88,71.5,4.02,16.6,15.1,23.6,8.8,550.0,10.0,60.0,3.0,10.0,260.0,Fruit/nut residues
[6],oil-tea seed shell ,47.41,5.85,46.43,0.31,7.88,71.5,4.02,16.6,15.1,23.6,8.8,550.0,10.0,60.0,3.0,20.0,232.0,Fruit/nut residues
[6],oil-tea seed shell ,47.41,5.85,46.43,0.31,7.88,71.5,4.02,16.6,15.1,23.6,8.8,650.0,10.0,60.0,3.0,0.5,350.2,Fruit/nut residues
[6],oil-tea seed shell ,47.41,5.85,46.43,0.31,7.88,71.5,4.02,16.6,15.1,23.6,8.8,650.0,10.0,60.0,3.0,1.0,287.3,Fruit/nut residues
[6],oil-tea seed shell ,47.41,5.85,46.43,0.31,7.88,71.5,4.02,16.6,15.1,23.6,8.8,650.0,10.0,60.0,3.0,5.0,268.0,Fruit/nut residues
[6],oil-tea seed shell ,47.41,5.85,46.43,0.31,7.88,71.5,4.02,16.6,15.1,23.6,8.8,650.0,10.0,60.0,3.0,10.0,261.2,Fruit/nut residues
[7],Water chestnut,43.75,5.94,48.75,1.56,9.0,72.8,5.607,12.4,4.54,37.1,11.9,700.0,5.0,120.0,3.0,0.5,346.0,Other biomass
[7],Water chestnut,43.75,5.94,48.75,1.56,9.0,72.8,5.607,12.4,4.54,37.1,11.9,700.0,5.0,120.0,3.0,1.0,295.0,Other biomass
[7],Water chestnut,43.75,5.94,48.75,1.56,9.0,72.8,5.607,12.4,4.54,37.1,11.9,700.0,5.0,120.0,3.0,2.0,256.0,Other biomass
[7],Water chestnut,43.75,5.94,48.75,1.56,9.0,72.8,5.607,12.4,4.54,37.1,11.9,700.0,5.0,120.0,3.0,5.0,235.0,Other biomass
[7],Water chestnut,43.75,5.94,48.75,1.56,9.0,72.8,5.607,12.4,4.54,37.1,11.9,700.0,5.0,120.0,3.0,8.0,214.0,Other biomass
[7],Water chestnut,43.75,5.94,48.75,1.56,9.0,72.8,5.607,12.4,4.54,37.1,11.9,700.0,5.0,120.0,3.0,10.0,197.0,Other biomass
[8],corncob,46.51,5.68,44.13,0.47,7.18,73.4,0.92,20.1,34.3,43.1,16.5,800.0,5.0,60.0,1.4,1.0,198.0,Herbaceous residues
[8],corncob,46.51,5.68,44.13,0.47,7.18,73.4,0.92,20.1,34.3,43.1,16.5,800.0,5.0,60.0,1.4,15.0,157.0,Herbaceous residues
[8],corncob,46.51,5.68,44.13,0.47,7.18,73.4,0.92,20.1,34.3,43.1,16.5,800.0,5.0,60.0,1.4,2.0,180.0,Herbaceous residues
[8],corncob,46.51,5.68,44.13,0.47,7.18,73.4,0.92,20.1,34.3,43.1,16.5,800.0,5.0,60.0,1.4,3.0,178.0,Herbaceous residues
[8],corncob,46.51,5.68,44.13,0.47,7.18,73.4,0.92,20.1,34.3,43.1,16.5,800.0,5.0,60.0,1.4,5.0,175.0,Herbaceous residues
[8],corncob,46.51,5.68,44.13,0.47,7.18,73.4,0.92,20.1,34.3,43.1,16.5,800.0,5.0,60.0,1.4,8.0,172.0,Herbaceous residues
[8],corncob,46.51,5.68,44.13,0.47,7.18,73.4,0.92,20.1,34.3,43.1,16.5,800.0,5.0,60.0,1.4,10.0,170.0,Herbaceous residues
[8],corn leaf,47.7,6.4,42.1,2.9,1.2,73.4,9.7,15.7,38.2,44.5,6.6,800.0,5.0,60.0,1.4,1.0,220.0,Herbaceous residues
[8],corn leaf,47.7,6.4,42.1,2.9,1.2,73.4,9.7,15.7,38.2,44.5,6.6,800.0,5.0,60.0,1.4,15.0,200.0,Herbaceous residues
[8],corn leaf,47.7,6.4,42.1,2.9,1.2,73.4,9.7,15.7,38.2,44.5,6.6,800.0,5.0,60.0,1.4,2.0,211.0,Herbaceous residues
[8],corn leaf,47.7,6.4,42.1,2.9,1.2,73.4,9.7,15.7,38.2,44.5,6.6,800.0,5.0,60.0,1.4,3.0,205.0,Herbaceous residues
[8],corn leaf,47.7,6.4,42.1,2.9,1.2,73.4,9.7,15.7,38.2,44.5,6.6,800.0,5.0,60.0,1.4,5.0,201.0,Herbaceous residues
[8],corn leaf,47.7,6.4,42.1,2.9,1.2,73.4,9.7,15.7,38.2,44.5,6.6,800.0,5.0,60.0,1.4,8.0,200.0,Herbaceous residues
[8],corn leaf,47.7,6.4,42.1,2.9,1.2,73.4,9.7,15.7,38.2,44.5,6.6,800.0,5.0,60.0,1.4,10.0,199.0,Herbaceous residues
[8],wheat straw,43.0,5.36,40.73,0.63,9.66,68.3,6.8,15.2,43.2,34.1,22.0,800.0,5.0,60.0,1.4,1.0,200.0,Herbaceous residues
[8],wheat straw,43.0,5.36,40.73,0.63,9.66,68.3,6.8,15.2,43.2,34.1,22.0,800.0,5.0,60.0,1.4,15.0,159.0,Herbaceous residues
[8],wheat straw,43.0,5.36,40.73,0.63,9.66,68.3,6.8,15.2,43.2,34.1,22.0,800.0,5.0,60.0,1.4,2.0,182.0,Herbaceous residues
[8],wheat straw,43.0,5.36,40.73,0.63,9.66,68.3,6.8,15.2,43.2,34.1,22.0,800.0,5.0,60.0,1.4,3.0,180.0,Herbaceous residues
[8],wheat straw,43.0,5.36,40.73,0.63,9.66,68.3,6.8,15.2,43.2,34.1,22.0,800.0,5.0,60.0,1.4,5.0,177.0,Herbaceous residues
[8],wheat straw,43.0,5.36,40.73,0.63,9.66,68.3,6.8,15.2,43.2,34.1,22.0,800.0,5.0,60.0,1.4,8.0,174.0,Herbaceous residues
[8],wheat straw,43.0,5.36,40.73,0.63,9.66,68.3,6.8,15.2,43.2,34.1,22.0,800.0,5.0,60.0,1.4,10.0,172.0,Herbaceous residues
[9],willow catkin,47.22,6.18,39.55,2.17,9.41,76.7,7.67,16.3,41.0,19.0,29.0,700.0,5.0,120.0,1.0,0.1,330.0,Other biomass
[9],willow catkin,47.22,6.18,39.55,2.17,9.41,76.7,7.67,16.3,41.0,19.0,29.0,700.0,5.0,120.0,1.0,0.5,285.0,Other biomass
[9],willow catkin,47.22,6.18,39.55,2.17,9.41,76.7,7.67,16.3,41.0,19.0,29.0,700.0,5.0,120.0,1.0,1.0,245.0,Other biomass
[9],willow catkin,47.22,6.18,39.55,2.17,9.41,76.7,7.67,16.3,41.0,19.0,29.0,700.0,5.0,120.0,1.0,2.0,252.0,Other biomass
[9],willow catkin,47.22,6.18,39.55,2.17,9.41,76.7,7.67,16.3,41.0,19.0,29.0,700.0,5.0,120.0,1.0,5.0,226.0,Other biomass
[9],willow catkin,47.22,6.18,39.55,2.17,9.41,76.7,7.67,16.3,41.0,19.0,29.0,700.0,5.0,120.0,1.0,10.0,209.0,Other biomass
[9],willow catkin,47.22,6.18,39.55,2.17,9.41,76.7,7.67,16.3,41.0,19.0,29.0,600.0,5.0,60.0,1.0,0.1,340.0,Other biomass
[9],willow catkin,47.22,6.18,39.55,2.17,9.41,76.7,7.67,16.3,41.0,19.0,29.0,600.0,5.0,60.0,1.0,0.2,331.0,Other biomass
[9],willow catkin,47.22,6.18,39.55,2.17,9.41,76.7,7.67,16.3,41.0,19.0,29.0,600.0,5.0,60.0,1.0,0.5,300.0,Other biomass
[9],willow catkin,47.22,6.18,39.55,2.17,9.41,76.7,7.67,16.3,41.0,19.0,29.0,600.0,5.0,60.0,1.0,1.0,279.0,Other biomass
[9],willow catkin,47.22,6.18,39.55,2.17,9.41,76.7,7.67,16.3,41.0,19.0,29.0,600.0,5.0,60.0,1.0,2.0,276.0,Other biomass
[9],willow catkin,47.22,6.18,39.55,2.17,9.41,76.7,7.67,16.3,41.0,19.0,29.0,600.0,5.0,60.0,1.0,5.0,256.0,Other biomass
[9],willow catkin,47.22,6.18,39.55,2.17,9.41,76.7,7.67,16.3,41.0,19.0,29.0,600.0,5.0,60.0,1.0,10.0,231.0,Other biomass
[9],willow catkin,47.22,6.18,39.55,2.17,9.41,76.7,7.67,16.3,41.0,19.0,29.0,700.0,5.0,60.0,1.0,0.1,309.0,Other biomass
[9],willow catkin,47.22,6.18,39.55,2.17,9.41,76.7,7.67,16.3,41.0,19.0,29.0,700.0,5.0,60.0,1.0,0.2,298.0,Other biomass
[9],willow catkin,47.22,6.18,39.55,2.17,9.41,76.7,7.67,16.3,41.0,19.0,29.0,700.0,5.0,60.0,1.0,0.5,278.0,Other biomass
[9],willow catkin,47.22,6.18,39.55,2.17,9.41,76.7,7.67,16.3,41.0,19.0,29.0,700.0,5.0,60.0,1.0,1.0,269.0,Other biomass
[9],willow catkin,47.22,6.18,39.55,2.17,9.41,76.7,7.67,16.3,41.0,19.0,29.0,700.0,5.0,60.0,1.0,2.0,267.0,Other biomass
[9],willow catkin,47.22,6.18,39.55,2.17,9.41,76.7,7.67,16.3,41.0,19.0,29.0,700.0,5.0,60.0,1.0,5.0,248.0,Other biomass
[9],willow catkin,47.22,6.18,39.55,2.17,9.41,76.7,7.67,16.3,41.0,19.0,29.0,700.0,5.0,60.0,1.0,10.0,222.0,Other biomass
[9],willow catkin,47.22,6.18,39.55,2.17,9.41,76.7,7.67,16.3,41.0,19.0,29.0,800.0,5.0,60.0,1.0,0.1,253.0,Other biomass
[9],willow catkin,47.22,6.18,39.55,2.17,9.41,76.7,7.67,16.3,41.0,19.0,29.0,800.0,5.0,60.0,1.0,0.2,229.0,Other biomass
[9],willow catkin,47.22,6.18,39.55,2.17,9.41,76.7,7.67,16.3,41.0,19.0,29.0,800.0,5.0,60.0,1.0,0.5,208.0,Other biomass
[9],willow catkin,47.22,6.18,39.55,2.17,9.41,76.7,7.67,16.3,41.0,19.0,29.0,800.0,5.0,60.0,1.0,1.0,200.0,Other biomass
[9],willow catkin,47.22,6.18,39.55,2.17,9.41,76.7,7.67,16.3,41.0,19.0,29.0,800.0,5.0,60.0,1.0,2.0,193.0,Other biomass
[9],willow catkin,47.22,6.18,39.55,2.17,9.41,76.7,7.67,16.3,41.0,19.0,29.0,800.0,5.0,60.0,1.0,5.0,178.0,Other biomass
[9],willow catkin,47.22,6.18,39.55,2.17,9.41,76.7,7.67,16.3,41.0,19.0,29.0,800.0,5.0,60.0,1.0,10.0,161.0,Other biomass
[10],willow catkin,47.66,5.95,44.06,0.46,4.82,68.4,2.64,24.1,17.8,22.6,22.6,600.0,5.0,60.0,3.0,0.5,323.0,Other biomass
[10],willow catkin,47.66,5.95,44.06,0.46,4.82,68.4,2.64,24.1,17.8,22.6,22.6,600.0,5.0,60.0,3.0,1.0,282.0,Other biomass
[10],willow catkin,47.66,5.95,44.06,0.46,4.82,68.4,2.64,24.1,17.8,22.6,22.6,600.0,5.0,60.0,3.0,2.0,260.0,Other biomass
[10],willow catkin,47.66,5.95,44.06,0.46,4.82,68.4,2.64,24.1,17.8,22.6,22.6,600.0,5.0,60.0,3.0,4.0,230.0,Other biomass
[9],willow catkin,47.22,6.18,39.55,2.17,9.41,76.7,7.67,16.25,41.0,19.0,29.0,850.0,10.0,60.0,1.0,0.5,249.0,Other biomass
[9],willow catkin,47.22,6.18,39.55,2.17,9.41,76.7,7.67,16.25,41.0,19.0,29.0,850.0,10.0,60.0,1.0,50.0,201.0,Other biomass
[9],willow catkin,47.22,6.18,39.55,2.17,9.41,76.7,7.67,16.25,41.0,19.0,29.0,850.0,10.0,60.0,1.0,20.0,218.0,Other biomass
[9],willow catkin,47.22,6.18,39.55,2.17,9.41,76.7,7.67,16.25,41.0,19.0,29.0,850.0,10.0,60.0,1.0,10.0,228.0,Other biomass
[9],willow catkin,47.22,6.18,39.55,2.17,9.41,76.7,7.67,16.25,41.0,19.0,29.0,850.0,10.0,60.0,1.0,50.0,171.0,Other biomass
[11],corncob,46.3,5.6,42.2,0.9,14.1,68.5,1.5,15.9,35.3,46.1,15.8,650.0,5.0,180.0,4.0,0.5,359.9,Herbaceous residues
[11],corncob,46.3,5.6,42.2,0.9,14.1,68.5,1.5,15.9,35.3,46.1,15.8,650.0,5.0,180.0,4.0,1.0,309.9,Herbaceous residues
[11],corncob,46.3,5.6,42.2,0.9,14.1,68.5,1.5,15.9,35.3,46.1,15.8,650.0,5.0,180.0,4.0,2.0,279.2,Herbaceous residues
[11],corncob,46.3,5.6,42.2,0.9,14.1,68.5,1.5,15.9,35.3,46.1,15.8,650.0,5.0,180.0,4.0,5.0,239.3,Herbaceous residues
[11],corncob,46.3,5.6,42.2,0.9,14.1,68.5,1.5,15.9,35.3,46.1,15.8,650.0,5.0,180.0,4.0,10.0,207.2,Herbaceous residues
[11],corncob,46.3,5.6,42.2,0.9,14.1,68.5,1.5,15.9,35.3,46.1,15.8,650.0,5.0,180.0,4.0,20.0,180.2,Herbaceous residues
[11],corncob,46.3,5.6,42.2,0.9,14.1,68.5,1.5,15.9,35.3,46.1,15.8,750.0,5.0,180.0,4.0,0.5,383.9,Herbaceous residues
[11],corncob,46.3,5.6,42.2,0.9,14.1,68.5,1.5,15.9,35.3,46.1,15.8,750.0,5.0,180.0,4.0,1.0,342.2,Herbaceous residues
[11],corncob,46.3,5.6,42.2,0.9,14.1,68.5,1.5,15.9,35.3,46.1,15.8,750.0,5.0,180.0,4.0,2.0,314.1,Herbaceous residues
[11],corncob,46.3,5.6,42.2,0.9,14.1,68.5,1.5,15.9,35.3,46.1,15.8,750.0,5.0,180.0,4.0,5.0,272.9,Herbaceous residues
[11],corncob,46.3,5.6,42.2,0.9,14.1,68.5,1.5,15.9,35.3,46.1,15.8,750.0,5.0,180.0,4.0,10.0,247.3,Herbaceous residues
[11],corncob,46.3,5.6,42.2,0.9,14.1,68.5,1.5,15.9,35.3,46.1,15.8,750.0,5.0,180.0,4.0,20.0,221.5,Herbaceous residues
[11],corncob,46.3,5.6,42.2,0.9,14.1,68.5,1.5,15.9,35.3,46.1,15.8,850.0,5.0,180.0,4.0,0.5,401.6,Herbaceous residues
[11],corncob,46.3,5.6,42.2,0.9,14.1,68.5,1.5,15.9,35.3,46.1,15.8,850.0,5.0,180.0,4.0,1.0,351.2,Herbaceous residues
[11],corncob,46.3,5.6,42.2,0.9,14.1,68.5,1.5,15.9,35.3,46.1,15.8,850.0,5.0,180.0,4.0,2.0,324.6,Herbaceous residues
[11],corncob,46.3,5.6,42.2,0.9,14.1,68.5,1.5,15.9,35.3,46.1,15.8,850.0,5.0,180.0,4.0,5.0,283.3,Herbaceous residues
[11],corncob,46.3,5.6,42.2,0.9,14.1,68.5,1.5,15.9,35.3,46.1,15.8,850.0,5.0,180.0,4.0,10.0,252.5,Herbaceous residues
[11],corncob,46.3,5.6,42.2,0.9,14.1,68.5,1.5,15.9,35.3,46.1,15.8,850.0,5.0,180.0,4.0,20.0,239.7,Herbaceous residues
[12],rice husk,42.13,5.4,36.47,0.95,9.4,58.8,13.84,17.9,40.2,19.7,14.4,750.0,5.0,60.0,5.0,0.1,123.0,Herbaceous residues
[12],rice husk,42.13,5.4,36.47,0.95,9.4,58.8,13.84,17.9,40.2,19.7,14.4,750.0,5.0,60.0,5.0,0.2,115.0,Herbaceous residues
[12],rice husk,42.13,5.4,36.47,0.95,9.4,58.8,13.84,17.9,40.2,19.7,14.4,750.0,5.0,60.0,5.0,0.5,113.0,Herbaceous residues
[12],rice husk,42.13,5.4,36.47,0.95,9.4,58.8,13.84,17.9,40.2,19.7,14.4,750.0,5.0,60.0,5.0,0.8,111.0,Herbaceous residues
[12],rice husk,42.13,5.4,36.47,0.95,9.4,58.8,13.84,17.9,40.2,19.7,14.4,750.0,5.0,60.0,5.0,1.0,107.5,Herbaceous residues
[12],rice husk,42.13,5.4,36.47,0.95,9.4,58.8,13.84,17.9,40.2,19.7,14.4,850.0,5.0,60.0,5.0,0.1,147.0,Herbaceous residues
[12],rice husk,42.13,5.4,36.47,0.95,9.4,58.8,13.84,17.9,40.2,19.7,14.4,850.0,5.0,60.0,5.0,0.2,143.0,Herbaceous residues
[12],rice husk,42.13,5.4,36.47,0.95,9.4,58.8,13.84,17.9,40.2,19.7,14.4,850.0,5.0,60.0,5.0,0.5,139.0,Herbaceous residues
[12],rice husk,42.13,5.4,36.47,0.95,9.4,58.8,13.84,17.9,40.2,19.7,14.4,850.0,5.0,60.0,5.0,0.8,135.0,Herbaceous residues
[12],rice husk,42.13,5.4,36.47,0.95,9.4,58.8,13.84,17.9,40.2,19.7,14.4,850.0,5.0,60.0,5.0,1.0,120.0,Herbaceous residues
[12],rice husk,42.13,5.4,36.47,0.95,9.4,58.8,13.84,17.9,40.2,19.7,14.4,950.0,5.0,60.0,5.0,0.1,80.0,Herbaceous residues
[13],Sugarcane bagasse,44.86,5.87,48.97,0.24,5.4,80.2,11.3,3.1,47.6,39.0,11.2,800.0,5.0,120.0,2.0,1.0,323.0,Woody/lignified
[13],Sugarcane bagasse,44.86,5.87,48.97,0.24,5.4,80.2,11.3,3.1,47.6,39.0,11.2,800.0,5.0,120.0,2.0,30.0,212.0,Woody/lignified
[13],Sugarcane bagasse,44.86,5.87,48.97,0.24,5.4,80.2,11.3,3.1,47.6,39.0,11.2,800.0,5.0,120.0,2.0,10.0,254.0,Woody/lignified
[13],Sugarcane bagasse,44.86,5.87,48.97,0.24,5.4,80.2,11.3,3.1,47.6,39.0,11.2,800.0,5.0,120.0,2.0,20.0,232.0,Woody/lignified
[13],Sugarcane bagasse,44.86,5.87,48.97,0.24,5.4,80.2,11.3,3.1,47.6,39.0,11.2,800.0,5.0,120.0,2.0,5.0,270.0,Woody/lignified
[13],Sugarcane bagasse,44.86,5.87,48.97,0.24,5.4,80.2,11.3,3.1,47.6,39.0,11.2,800.0,5.0,120.0,2.0,50.0,174.0,Woody/lignified
[14],wheat straw,43.0,5.36,40.73,0.63,9.66,68.3,6.8,15.2,32.5,38.3,20.7,600.0,5.0,120.0,1.0,0.2,190.0,Herbaceous residues
[14],wheat straw,43.0,5.36,40.73,0.63,9.66,68.3,6.8,15.2,32.5,38.3,20.7,600.0,5.0,120.0,1.0,1.0,175.0,Herbaceous residues
[14],wheat straw,43.0,5.36,40.73,0.63,9.66,68.3,6.8,15.2,32.5,38.3,20.7,600.0,5.0,120.0,1.0,2.0,126.0,Herbaceous residues
[14],wheat straw,43.0,5.36,40.73,0.63,9.66,68.3,6.8,15.2,32.5,38.3,20.7,600.0,5.0,120.0,1.0,3.0,112.5,Herbaceous residues
[14],wheat straw,43.0,5.36,40.73,0.63,9.66,68.3,6.8,15.2,32.5,38.3,20.7,600.0,5.0,120.0,1.0,5.0,100.0,Herbaceous residues
[14],wheat straw,43.0,5.36,40.73,0.63,9.66,68.3,6.8,15.2,32.5,38.3,20.7,600.0,5.0,120.0,1.0,8.0,99.0,Herbaceous residues
[14],wheat straw,43.0,5.36,40.73,0.63,9.66,68.3,6.8,15.2,32.5,38.3,20.7,700.0,5.0,120.0,1.0,0.2,216.0,Herbaceous residues
[14],wheat straw,43.0,5.36,40.73,0.63,9.66,68.3,6.8,15.2,32.5,38.3,20.7,700.0,5.0,120.0,1.0,1.0,198.0,Herbaceous residues
[14],wheat straw,43.0,5.36,40.73,0.63,9.66,68.3,6.8,15.2,32.5,38.3,20.7,700.0,5.0,120.0,1.0,2.0,178.0,Herbaceous residues
[14],wheat straw,43.0,5.36,40.73,0.63,9.66,68.3,6.8,15.2,32.5,38.3,20.7,700.0,5.0,120.0,1.0,3.0,175.0,Herbaceous residues
[14],wheat straw,43.0,5.36,40.73,0.63,9.66,68.3,6.8,15.2,32.5,38.3,20.7,700.0,5.0,120.0,1.0,5.0,160.0,Herbaceous residues
[14],wheat straw,43.0,5.36,40.73,0.63,9.66,68.3,6.8,15.2,32.5,38.3,20.7,700.0,5.0,120.0,1.0,8.0,142.0,Herbaceous residues
[14],wheat straw,43.0,5.36,40.73,0.63,9.66,68.3,6.8,15.2,32.5,38.3,20.7,800.0,5.0,120.0,1.0,0.2,275.0,Herbaceous residues
[14],wheat straw,43.0,5.36,40.73,0.63,9.66,68.3,6.8,15.2,32.5,38.3,20.7,800.0,5.0,120.0,1.0,1.0,248.0,Herbaceous residues
[14],wheat straw,43.0,5.36,40.73,0.63,9.66,68.3,6.8,15.2,32.5,38.3,20.7,800.0,5.0,120.0,1.0,2.0,242.0,Herbaceous residues
[14],wheat straw,43.0,5.36,40.73,0.63,9.66,68.3,6.8,15.2,32.5,38.3,20.7,800.0,5.0,120.0,1.0,3.0,238.5,Herbaceous residues
[14],wheat straw,43.0,5.36,40.73,0.63,9.66,68.3,6.8,15.2,32.5,38.3,20.7,800.0,5.0,120.0,1.0,5.0,226.5,Herbaceous residues
[14],wheat straw,43.0,5.36,40.73,0.63,9.66,68.3,6.8,15.2,32.5,38.3,20.7,800.0,5.0,120.0,1.0,8.0,225.0,Herbaceous residues
[15],Almond shells,51.4,6.1,41.6,0.3,11.2,73.0,1.6,14.2,37.4,31.2,27.5,550.0,5.0,120.0,3.0,1.0,287.56,Fruit/nut residues
[15],Almond shells,51.4,6.1,41.6,0.3,11.2,73.0,1.6,14.2,37.4,31.2,27.5,550.0,5.0,120.0,3.0,2.0,270.0,Fruit/nut residues
[15],Almond shells,51.4,6.1,41.6,0.3,11.2,73.0,1.6,14.2,37.4,31.2,27.5,550.0,5.0,120.0,3.0,5.0,222.22,Fruit/nut residues
[15],Almond shells,51.4,6.1,41.6,0.3,11.2,73.0,1.6,14.2,37.4,31.2,27.5,550.0,5.0,120.0,3.0,10.0,251.88,Fruit/nut residues
[15],Almond shells,51.4,6.1,41.6,0.3,11.2,73.0,1.6,14.2,37.4,31.2,27.5,550.0,5.0,120.0,3.0,20.0,240.0,Fruit/nut residues
[15],Almond shells,51.4,6.1,41.6,0.3,11.2,73.0,1.6,14.2,37.4,31.2,27.5,550.0,5.0,120.0,3.0,50.0,188.89,Fruit/nut residues
[16],rice Straw,41.8,4.6,36.6,0.7,10.1,71.6,7.16,11.1,43.3,19.5,25.8,850.0,5.0,60.0,2.0,1.0,190.0,Herbaceous residues
[16],rice Straw,41.8,4.6,36.6,0.7,10.1,71.6,7.16,11.1,43.3,19.5,25.8,850.0,5.0,60.0,4.0,1.0,206.0,Herbaceous residues
[16],rice Straw,41.8,4.6,36.6,0.7,10.1,71.6,7.16,11.1,43.3,19.5,25.8,850.0,5.0,60.0,6.0,1.0,219.0,Herbaceous residues
[16],rice Straw,41.8,4.6,36.6,0.7,10.1,71.6,7.16,11.1,43.3,19.5,25.8,850.0,5.0,60.0,3.36,1.0,317.0,Herbaceous residues
[16],rice Straw,41.8,4.6,36.6,0.7,10.1,71.6,7.16,11.1,43.3,19.5,25.8,850.0,5.0,60.0,3.36,20.0,228.0,Herbaceous residues
[16],rice Straw,41.8,4.6,36.6,0.7,10.1,71.6,7.16,11.1,43.3,19.5,25.8,750.0,3.0,180.0,1.0,10.0,225.0,Herbaceous residues
[16],rice Straw,41.8,4.6,36.6,0.7,10.1,71.6,7.16,11.1,43.3,19.5,25.8,750.0,3.0,180.0,1.0,0.5,240.0,Herbaceous residues
[16],rice Straw,41.8,4.6,36.6,0.7,10.1,71.6,7.16,11.1,43.3,19.5,25.8,750.0,3.0,180.0,1.0,1.0,298.0,Herbaceous residues
[16],rice Straw,41.8,4.6,36.6,0.7,10.1,71.6,7.16,11.1,43.3,19.5,25.8,750.0,3.0,180.0,1.0,10.0,255.0,Herbaceous residues
[16],rice Straw,41.8,4.6,36.6,0.7,10.1,71.6,7.16,11.1,43.3,19.5,25.8,750.0,3.0,180.0,1.0,0.5,357.0,Herbaceous residues
[16],rice Straw,41.8,4.6,36.6,0.7,10.1,71.6,7.16,11.1,43.3,19.5,25.8,750.0,3.0,180.0,1.0,1.0,323.0,Herbaceous residues
[17],eucalyptus wood sawdust,49.75,5.77,44.26,0.17,6.12,74.4,18.79,0.81,33.9,24.7,20.8,700.0,3.0,60.0,4.0,5.0,160.0,Woody/lignified
[17],eucalyptus wood sawdust,49.75,5.77,44.26,0.17,6.12,74.4,18.79,0.81,33.9,24.7,20.8,700.0,3.0,60.0,4.0,10.0,150.0,Woody/lignified
[17],eucalyptus wood sawdust,49.75,5.77,44.26,0.17,6.12,74.4,18.79,0.81,33.9,24.7,20.8,700.0,3.0,60.0,4.0,15.0,145.0,Woody/lignified
[17],eucalyptus wood sawdust,49.75,5.77,44.26,0.17,6.12,74.4,18.79,0.81,33.9,24.7,20.8,700.0,3.0,60.0,4.0,0.1,191.0,Woody/lignified
[17],eucalyptus wood sawdust,49.75,5.77,44.26,0.17,6.12,74.4,18.79,0.81,33.9,24.7,20.8,800.0,3.0,60.0,4.0,5.0,180.0,Woody/lignified
[17],eucalyptus wood sawdust,49.75,5.77,44.26,0.17,6.12,74.4,18.79,0.81,33.9,24.7,20.8,800.0,3.0,60.0,4.0,10.0,178.0,Woody/lignified
[17],eucalyptus wood sawdust,49.75,5.77,44.26,0.17,6.12,74.4,18.79,0.81,33.9,24.7,20.8,800.0,3.0,60.0,4.0,15.0,176.0,Woody/lignified
[17],eucalyptus wood sawdust,49.75,5.77,44.26,0.17,6.12,74.4,18.79,0.81,33.9,24.7,20.8,800.0,3.0,60.0,4.0,0.1,232.0,Woody/lignified