model,R2_train,MAE_train,RMSE_train,R2_test,MAE_test,RMSE_test,rep
SVR,0.504730640269718,34.17722086834808,47.61423481795746,0.26565553254743524,35.89522934204598,51.28057137751203,0
Random Forest,0.9579582717409093,8.913676923076837,13.872551936099077,0.7224258746956687,25.212116923076962,31.52771034455869,0
LightGBM,0.9489187037123196,10.140902778294778,15.291392428716865,0.8046732676212802,17.682395856489194,26.447448755095124,0
XGBoost,0.9805317220469104,4.418544837756035,9.440170714535332,0.8155994012128178,16.026556928585737,25.697099456291472,0
DNN,0.8182665077440967,21.33390380094151,28.842544086018794,0.5157122057753016,30.64845698722808,41.64421726618152,0
Ensemble (XGB+LGBM),0.9712240163432488,6.76640680718145,11.477073637052234,0.8192062250297726,15.807727548498319,25.44454436416633,0
SVR,0.5609873369538176,31.006928662280014,43.7097895142772,0.2780882719760076,45.7107189123832,58.22153704760192,1
Random Forest,0.9576910620794056,8.729298913308822,13.569262783963467,0.6737098657901417,29.85237394383399,39.142051970338926,1
LightGBM,0.9407698803574631,11.102319768206112,16.05504386247627,0.8147720253184414,21.517942297614663,29.49136722615719,1
XGBoost,0.9769077706086858,5.1014274577605425,10.024740122359697,0.7634015121338057,20.041535902756912,33.33094295271914,1
DNN,0.7883228499668951,22.70399901361866,30.351291883636236,0.6429513293979364,31.952083407596938,40.94541980092228,1
Ensemble (XGB+LGBM),0.9662035201965373,7.713210531101483,12.127629618288612,0.8002579952317057,20.340955073596245,30.62501571306096,1
SVR,0.5412703763836901,32.97742277398904,44.788111556575956,0.3609184001232816,40.15950805873764,53.71919667533485,2
Random Forest,0.9628078449841905,8.112876068376002,12.752931576571555,0.7925553151025293,23.480768547008452,30.60571350880283,2
LightGBM,0.9462473483590794,10.14365819113508,15.33148789476021,0.8035179577390847,20.559179698810524,29.78604110324555,2
XGBoost,0.9782366099296549,4.722043920663687,9.75545726906542,0.8232823773581094,17.183929944160656,28.24823274707087,2
DNN,0.8516169486543907,19.32670116262955,25.472789501040797,0.6256142866601018,30.854702057359685,41.11601222051497,2
Ensemble (XGB+LGBM),0.9692484285453545,6.946090035119424,11.59626188803714,0.8246514117159529,17.908339373253586,28.13860023887743,2
SVR,0.5313423070167178,34.879990449926645,47.72713722610142,0.1755282632017896,32.40035173001475,46.401802448530105,3
Random Forest,0.9695608917079007,8.498117667887568,12.163357539781238,0.5198124534197008,23.480140341880258,35.41215943627859,3
LightGBM,0.9564761351406147,10.170454798384013,14.544581738348388,0.5403833431109505,22.092317198208477,34.64534132066115,3
XGBoost,0.9861049227384386,4.393730856088493,8.21803512306415,0.5348477898964512,20.213598711062698,34.853348508090086,3
DNN,0.8207443034347042,21.794415444514506,29.51712082882046,0.1360097747986746,35.855291972959435,47.500849776105454,3
Ensemble (XGB+LGBM),0.9773802869876198,6.873696445585472,10.485304697148385,0.5544146526226934,19.78282992130479,34.112410959498504,3
SVR,0.4991704112784233,33.36922793387124,45.63692679174794,0.4841637617384287,39.76408422981115,53.07631373198416,4
Random Forest,0.9731131938876186,8.114383376068313,10.574041473229874,0.752808927786645,23.660565811965707,36.74186683658552,4
LightGBM,0.9635026847214685,9.072213873770554,12.319749046986205,0.7658145505240608,22.404692910621524,35.7622456537137,4
XGBoost,0.9948023057040383,3.336380881285057,4.64918435978445,0.7504698021759316,21.032676892402844,36.91529842414601,4
DNN,0.8678009411718279,16.718619905801233,23.446908217039873,0.6381328684313912,34.8471032148467,44.45487537819592,4
Ensemble (XGB+LGBM),0.9855138501297993,5.74181175826791,7.761539798806677,0.7696779449293669,20.500192738840994,35.46603118710112,4
SVR,0.4704100068454734,34.67014337179892,48.22129891541074,0.5609912301185787,35.08869919918245,43.76570860725666,5
Random Forest,0.9555405292273097,9.139549023199033,13.971761507787157,0.8380158693848552,19.686986153846185,26.584812470176807,5
LightGBM,0.94140448505153,10.839349761707481,16.039883406058134,0.8628667039751083,17.36167064883532,24.460696760670817,5
XGBoost,0.9772159970681915,5.066290422097231,10.001935126748691,0.8519126119141598,17.481241095127206,25.418879545160276,5
DNN,0.7290113465868601,26.785615048012875,34.494080525096734,0.5992989658235419,29.99401961265671,41.8126408548137,5
Ensemble (XGB+LGBM),0.966737094930519,7.409863531539957,12.085068255480722,0.8693675313382778,15.821520602350114,23.873875983830434,5
SVR,0.4926805833844602,33.00381636785449,45.76133252222436,0.4636729271686689,39.36507379821195,54.25702010424006,6
Random Forest,0.9446224307913241,9.638900085470056,15.119062566149692,0.8530399682886728,20.337391990231954,28.40146199385858,6
LightGBM,0.9369035181365001,10.097609937943703,16.1384006214765,0.8921110835406134,17.469205343117217,24.334895946670446,6
XGBoost,0.9630392267376442,6.278534338535407,12.351748616065244,0.9362878804485197,13.194846692207534,18.700452030318058,6
DNN,0.7353667107796469,23.854898840191535,33.05066159178848,0.7043950698092778,31.610252868512354,40.28069121339059,6
Ensemble (XGB+LGBM),0.9547153655052228,7.770710131629098,13.672041040571196,0.9209122071565217,14.497906831857435,20.835110382091752,6
SVR,0.5480991544137476,32.114860697026174,44.534374312661996,0.2798280546667369,42.83938616558241,57.079548193820095,7
Random Forest,0.968883239749388,8.057943351648293,11.686136772953022,0.551562309360927,30.12499289377305,45.04156593079576,7
LightGBM,0.9498554263164845,10.62309436053331,14.834938484124187,0.6542429662754974,24.887047420866132,39.550132163587044,7
XGBoost,0.9846083499646908,4.191012088090946,8.218950562191848,0.592683615655587,25.36608726305839,42.92678539657586,7
DNN,0.3178334226401971,43.02051074313611,54.7165865911951,0.18396006553045052,47.24313813599118,60.76005151463842,7
Ensemble (XGB+LGBM),0.9749331979504247,6.883231292395339,10.488738158618814,0.6308827729142197,24.535472575734193,40.86434899088385,7
SVR,0.5192910983217959,31.688799263263554,44.737130787702775,0.3499490433932193,47.80358362432744,58.98147680000199,8
Random Forest,0.9569309367260468,8.674233376068358,13.39089973119774,0.7367883353675051,26.962599145299098,37.531377755924794,8
LightGBM,0.924049662029451,12.356549570665852,17.782462454077532,0.797410856149553,22.057118251468896,32.92683793318802,8
XGBoost,0.9749204905792681,5.394192813971104,10.218486218192012,0.8162968577353921,19.80293759077023,31.35452558742648,8
DNN,0.7918428669469733,22.386702008813472,29.43897561850699,0.6197020374203301,30.72847113646899,45.11323189134204,8
Ensemble (XGB+LGBM),0.9602728022682442,8.24763845787039,12.86088962402895,0.8174540298419545,20.126127160186453,31.25561628210118,8
SVR,0.49912316870761975,31.45403531182764,43.80721001284985,0.41498459893281225,51.669036851691054,62.85947452324778,9
Random Forest,0.9557709185315496,8.169087564102556,13.017694738433189,0.8151328953905391,26.54669504273494,35.335961750677,9
LightGBM,0.9485469879448747,9.193602908154581,14.040595403971636,0.8384833982378743,22.623736219040612,33.029019454281105,9
XGBoost,0.9759710193731412,4.589260089580829,9.59506225227427,0.8534891665510962,21.46294931265024,31.4573377965821,9
DNN,0.639619294197918,29.072533928641196,37.158732266700895,0.5758471068579575,43.29735437369908,53.52396934676805,9
Ensemble (XGB+LGBM),0.9677784162115982,6.463212315433172,11.11101067571209,0.8519760999610486,21.5761311022495,31.619355814384644,9
SVR,0.4981249882990022,32.45507417410003,45.92838386737633,0.39409274057291377,46.08511693244644,56.5367147331983,10
Random Forest,0.9691000424457531,8.431726306471282,11.396259208830376,0.8112324137494561,21.962716581196553,31.556672452899758,10
LightGBM,0.9551001656504059,10.06042792730053,13.737438041670487,0.7666229728516433,22.62118366008921,35.08783260237569,10
XGBoost,0.9945858353602355,3.405102955744817,4.77033750047988,0.7987854643128341,17.228328520946015,32.580456578058495,10
DNN,0.8362230870874118,18.94369117966904,26.236730702555413,0.5895717507746615,32.17437218775573,46.53139933769131,10
Ensemble (XGB+LGBM),0.9829612900881916,6.328647053238588,8.462559433838884,0.7945658866050175,18.445307081905057,32.92029905512752,10
SVR,0.48962087616134686,33.93652156346189,46.964035024512235,0.41398929963330555,39.416151109905776,51.838691664742925,11
Random Forest,0.959390760079492,9.220605811965738,13.247422354326876,0.8440548127131263,18.49641196581185,26.741591301237587,11
LightGBM,0.9518599629444041,9.77179938062775,14.423549933201919,0.7938708138818549,20.43966709310498,30.744752636462522,11
XGBoost,0.9842523313282803,4.517355452317459,8.249489737760861,0.8276591107675402,15.120955669696514,28.112238177083395,11
DNN,0.8009499379172029,21.637010085344343,29.329192832225804,0.6801100611469191,30.491137283043173,38.30024476281564,11
Ensemble (XGB+LGBM),0.9741728225431528,6.826971297761192,10.56470623699388,0.8207392032311009,17.144023933652964,28.671071260625233,11
SVR,0.49193599340755323,32.705771805104696,46.488987472650365,0.5485949766356166,37.77972692131348,47.79524959664139,12
Random Forest,0.9493704383587916,9.494553650793593,14.675501684904146,0.8121751981235077,21.887286837606872,30.830318388715526,12
LightGBM,0.9395921902231692,10.656126464865402,16.030143785008637,0.8268827943600212,21.314383663533405,29.598633198765874,12
XGBoost,0.9649737835653348,6.032049805078752,12.206396878274463,0.8677072403851787,16.24987790621244,25.8743577150209,12
DNN,0.67914697378247,28.436585180103183,36.94400232623628,0.45933715609943293,38.031664127930384,52.307601000420746,12
Ensemble (XGB+LGBM),0.9576302116448266,7.956418072899767,13.425146090352914,0.8618719316254287,17.64886834223425,26.438846861387837,12
SVR,0.5521459014361646,31.055494866544915,43.556894921595514,0.3342592758476157,46.05055692465464,58.48072972339908,13
Random Forest,0.9614584610069964,8.27444554334551,12.777713962087413,0.7804624256183401,24.08155946275947,33.582625918636296,13
LightGBM,0.9440475128688063,10.335525697276251,15.395660788404474,0.8094106192288243,21.65655374777393,31.290288729334836,13
XGBoost,0.9775540135648321,4.825587838979868,9.751198198389543,0.7935992526043598,20.957909412873096,32.56235853377567,13
DNN,0.8193568402170257,20.956080795833916,27.66300761970402,0.6135450020299575,32.92579229930338,44.556358052008285,13
Ensemble (XGB+LGBM),0.9679565230915176,7.099742734346064,11.650872576745298,0.8102925509656198,20.74132195706411,31.217808570922454,13
SVR,0.5202462746442836,33.99686505750609,45.17007289913433,0.41505030146813593,38.703170397032295,53.090286007556735,14
Random Forest,0.9624503454959557,9.03111266788766,12.637017481378022,0.7517986472335707,24.37212139194143,34.58261870488651,14
LightGBM,0.953305635393248,9.74924910380199,14.092039395942521,0.7497186140050415,21.175396953886057,34.727224921057314,14
XGBoost,0.9824696498092127,4.870770830985827,8.634494345886258,0.7710159394258171,17.503854863093448,33.2168488631643,14
DNN,0.6882160519065444,27.641151593900712,36.4140085346046,0.4294069702570328,40.99182848191796,52.43472990680875,14
Ensemble (XGB+LGBM),0.9739778734347875,6.984614764531841,10.51993377820755,0.7657560948265318,19.075821542929422,33.59618422867615,14
SVR,0.5402513622093805,33.35311413976295,46.295152329509534,0.41168189670244937,31.67614806824614,45.08735644524107,15
Random Forest,0.9605410979088469,9.559544059828989,13.562751060019917,0.7517791159436831,20.64894547008542,29.2865237850042,15
LightGBM,0.9355776655525776,12.255058265776016,17.329798815328456,0.7448160101054148,20.491924274963832,29.694456319904532,15
XGBoost,0.9851120954243187,4.32813469519982,8.330903044046456,0.6713616098143589,20.40105799748347,33.69828613910114,15
DNN,0.8507770276872113,18.51388271522976,26.375040489785913,0.27809136819489244,33.80699277118502,49.94474311284733,15
Ensemble (XGB+LGBM),0.971213003109979,7.665466280035357,11.584398062553305,0.7261136618388311,19.557447885772927,30.763365909849398,15
SVR,0.4984959475736179,34.3781468697592,47.688604841127734,0.29157841583886435,34.99248856538547,49.73282810297453,16
Random Forest,0.967350016273471,8.294037820512777,12.167990957215459,0.7195238390487149,21.936070549450704,31.292858855160887,16
LightGBM,0.9535195969722589,10.120633006730877,14.51818533843646,0.7180371326495995,23.535744096689626,31.375685511912632,16
XGBoost,0.9846329797330028,4.319776787391076,8.347803656505796,0.7384305916007445,21.316956223707933,30.219741089406337,16
DNN,0.8353725878959014,19.709180181157524,27.32300548762462,0.6048337669402402,29.566315655383715,37.14387230503276,16
Ensemble (XGB+LGBM),0.9757216370570962,6.713302801395109,10.492696073394452,0.7485604408836698,20.703152600427046,29.628800336303172,16
SVR,0.466776352813686,34.161420399828934,47.39998327026946,0.546548387075452,38.56684739466483,48.73395335483706,17
Random Forest,0.9552037581039733,9.201047521367471,13.738656916672195,0.8239069524865394,22.41973794871794,30.369474178275368,17
LightGBM,0.939138634837304,11.105558041389703,16.01379751015452,0.8477247262426619,20.13956502425924,28.241051464978554,17
XGBoost,0.9763743955807211,5.179835527860202,9.977344131111746,0.8470229342999213,18.59507747552334,28.306054006015426,17
DNN,0.7364981417705381,25.419221018687697,33.32079302688227,0.7394188051982152,29.46996322371736,36.94347154611959,17
Ensemble (XGB+LGBM),0.96577024091721,7.554761242745721,12.009513345250674,0.8554456813431167,18.005112452675046,27.515772071718278,17
SVR,0.4968699297654857,32.9610220526243,45.48857713547804,0.46152981915891766,42.375177739362016,54.98553393455414,18
Random Forest,0.957022013695033,8.717883760683723,13.294905261181412,0.8080711748681337,23.118160537240513,32.82749319338252,18
LightGBM,0.9432839186709981,10.380281104027882,15.272682508185856,0.8490417763317586,21.307304693790538,29.113606377773227,18
XGBoost,0.974837369331491,5.22216565645658,10.172793691869135,0.8741558743316525,17.412642493614783,26.581781964634608,18
DNN,0.6684784570290474,28.47146849860554,36.92479499945979,0.6309045458274547,34.05050900615942,45.52363847469444,18
Ensemble (XGB+LGBM),0.9649382258404602,7.52786709743566,12.008234472949551,0.867981587672223,18.856422857878435,27.226064579598383,18
SVR,0.5360220877922334,33.87158717279697,46.77660270450174,0.36951805712047947,33.091000714518835,45.05838891923675,19
Random Forest,0.9748311069143936,7.653956251526172,10.894619864634983,0.5781821311260646,27.321343711843703,36.855458591490454,19
LightGBM,0.9611867631528414,9.805751290463874,13.529132641448212,0.5580331604021416,25.646100234305305,37.7254280166471,19
XGBoost,0.9959929521515994,3.2204813600197824,4.347026499563155,0.5776413621429528,22.361077536558494,36.87907530712349,19
DNN,0.8418483570617757,20.606812750479918,27.309696731140736,0.3877148672122809,32.49559539175422,44.4033963578405,19
Ensemble (XGB+LGBM),0.9858318451448776,6.043009410759561,8.174038349897401,0.5803492381156825,23.29020270353757,36.760663449209254,19
SVR,0.48142308059245753,34.92813414577818,48.49146423010259,0.3857735506624166,34.59146751682705,48.577290054538985,20
Random Forest,0.9478806661384758,9.597834725274696,15.372982561754831,0.7721098431674577,24.186362014651998,29.589103722850435,20
LightGBM,0.9401373716669238,10.771545447576447,16.475423878764577,0.8328562219585671,18.264461905972496,25.340438970778358,20
XGBoost,0.966172681116722,6.056159779475285,12.38489973759437,0.9128938641261772,14.302217352451425,18.293356618712608,20
DNN,0.7606904485244715,24.90134073253985,32.94114743071361,0.6936598400190047,27.294774246896598,34.306071941124785,20
Ensemble (XGB+LGBM),0.9586475820272965,8.115269636984006,13.693332721222026,0.8935427853607522,14.971287689373202,20.22351195637687,20
SVR,0.4979682557400582,33.77389444352928,46.35774986688747,0.4626085562688046,40.411244110429266,49.09342503968309,21
Random Forest,0.9661071055181796,8.26973235042729,12.045118807136218,0.7047649017869846,25.46897167277177,36.38831548863607,21
LightGBM,0.9400794743897878,11.525244409192728,16.015649854258967,0.7566174395115298,20.574654773964305,33.03867989901009,21
XGBoost,0.9829123242956935,4.749037070641152,8.552601852407012,0.7614967479601666,18.301670680901942,32.70582517151556,21
DNN,0.8077115960877436,21.77631113012074,28.690182151375744,0.5880777203999988,30.883319404835838,42.98189901515722,21
Ensemble (XGB+LGBM),0.9706453060055783,7.626718129953863,11.209739931707409,0.7705343048830656,18.1440357233767,32.08018339825568,21
SVR,0.45464184970679367,35.76927861321519,48.133376566004735,0.5037496977770227,35.51834632206369,46.26344178771485,22
Random Forest,0.9452405193860336,9.782213760683698,15.252291073731207,0.8809244794659898,16.18688393162391,22.6620290208332,22
LightGBM,0.9321140166790761,11.247522003987687,16.98225982244169,0.8926392139043705,13.671009850192423,21.518420421208027,22
XGBoost,0.9656094045194669,6.011931870289338,12.087187873773644,0.8982417164953471,12.70792001577524,20.949440721912534,22
DNN,0.6796497125026582,29.180329222109886,36.89079238606835,0.6554975330724,27.744361206695846,38.54639035180249,22
Ensemble (XGB+LGBM),0.9556425484447086,8.230760452289248,13.727413571594568,0.9011701393193522,12.660173608852867,20.6457963236725,22
SVR,0.4873976420744721,35.000122551087735,48.63101679109431,0.5466821918992482,31.200672446711106,40.61326346180433,23
Random Forest,0.9586124154261682,9.144912735042707,13.818410526338257,0.7177072744262543,23.27692461538467,32.04913716388503,23
LightGBM,0.9479723198617979,10.598373526411828,15.493169813971344,0.7342687342417564,21.471982090650037,31.094804199570365,23
XGBoost,0.9785957250187494,4.922754915677585,9.937412349545655,0.7148020483166295,21.77656524658203,32.21363246483789,23
DNN,0.6870288300321041,28.876314136032644,37.99926679897543,0.7032062093719591,25.596011335095792,32.86199336728169,23
Ensemble (XGB+LGBM),0.9695605354184679,7.393999073772264,11.85063316451522,0.7405207434950803,20.42641796851207,30.726834467656676,23
SVR,0.5272420401233477,33.5733583974061,46.88612776858854,0.26615780430419755,38.048898996580114,50.55474129862767,24
Random Forest,0.9651395182582914,8.398939487179433,12.731853536516452,0.7086233085150669,22.077286007326002,31.855758934219644,24
LightGBM,0.9529475973702192,10.643025893215647,14.791623505906225,0.7414612516311305,22.324074616162253,30.007054935155793,24
XGBoost,0.9843402319567061,4.600622495993591,8.533311594728637,0.8162437725633576,16.529093659229765,25.297731883443845,24
DNN,0.7759866153825636,25.004365711195295,32.27467856843679,0.31348737434374074,37.36678709607245,48.89729298968258,24
Ensemble (XGB+LGBM),0.9751038257402399,7.072890092757796,10.75947917616459,0.7947926059908303,18.3505903808519,26.733575949720603,24
SVR,0.4941371551062165,34.43758087947254,47.39420738844372,0.4317290587999697,36.98637732856134,48.69190704364739,25
Random Forest,0.9456360774180982,9.837964572649534,15.536896269563563,0.860337188271645,18.751589059829012,24.139009765586675,25
LightGBM,0.9369540864761784,11.178484819107695,16.731595034803437,0.8396975435515256,19.823209315456452,25.861228323469593,25
XGBoost,0.9650369270111036,6.455364538339468,12.459874614403626,0.916716864981276,13.468156151404745,18.640501499276493,25
DNN,0.7702090996470516,22.406755614400783,31.942969510318402,0.7236363686072189,27.705286064213013,33.95623301832949,25
Ensemble (XGB+LGBM),0.9569743516584948,8.45719985620644,13.822053996080747,0.8941964007243619,15.90938761151056,21.010156184311974,25
SVR,0.5394821464096231,31.76918233717989,44.1461081256903,0.48023496762423334,39.23048616248861,51.86116671595812,26
Random Forest,0.958381894028954,8.678422240537163,13.271204536767229,0.7951430642340883,21.605987008546972,32.55847760870948,26
LightGBM,0.9495450515615672,9.623626425418097,14.61238378296964,0.7960010269110788,23.640182710888908,32.490226886543276,26
XGBoost,0.9749419114835803,5.358413457625952,10.297769255592986,0.8410060810672625,17.594693110539364,28.683293086481136,26
DNN,0.8058289263244331,20.558907509483404,28.665627481731143,0.5913739640180578,34.79758917831558,45.98347317447865,26
Ensemble (XGB+LGBM),0.9678282605633464,7.004782726767132,11.668269679488642,0.8306893760111125,19.542059278494673,29.599260347579317,26
SVR,0.5039828740716046,33.4576648074541,46.67606287847929,0.4846581103593841,37.15013825875379,48.30048471308224,27
Random Forest,0.9485891726897137,9.581669957264976,15.027030806730524,0.837312034582965,20.775903247863276,27.138227586664097,27
LightGBM,0.9245118820186266,12.263757593116958,18.20896157330539,0.9009663799180871,17.360213676363912,21.173618975148575,27
XGBoost,0.966836073706134,6.101411649263823,12.069210198156584,0.9240204477625474,13.64129791259766,18.546080102112736,27
DNN,0.8053268726059191,21.101725470535786,29.241448591960935,0.7795668435372146,26.14033830823925,31.589461748503002,27
Ensemble (XGB+LGBM),0.9545448730185319,8.716142723384461,14.129842406658428,0.9243741026744194,14.329394574857032,18.502867407156913,27
SVR,0.4925471045010592,33.398481021318005,45.181665004949004,0.4042843780631348,43.37379754792051,59.214574243264465,28
Random Forest,0.9571419441542827,8.519813046398038,13.130479831972936,0.8508633671546071,21.838696410256468,29.627928180183364,28
LightGBM,0.9399346888007174,10.431769959056815,15.544481112231386,0.8816267146022527,18.40775915800942,26.39586917295136,28
XGBoost,0.9743706843452885,5.084145889282226,10.153899690571745,0.9278557425992726,14.857044943785057,20.606773625289172,28
DNN,0.7121015131457903,27.139634659035018,34.03173218874521,0.7766164922783062,28.078530326921555,36.26057357867111,28
Ensemble (XGB+LGBM),0.9642026259165075,7.475394594414722,12.000240469089162,0.916084731933832,15.445970244028649,22.22437771896135,28
SVR,0.5030193340295478,33.651365979329235,45.50539782085762,0.46980517872515226,38.66224703387117,53.67482743903957,29
Random Forest,0.9629434031237472,8.66433590048842,12.425845090804543,0.7599664564692256,24.77956119658116,36.11510521475468,29
LightGBM,0.9532422757696082,9.723555737142883,13.957892564962636,0.7868177674709927,22.660067337167067,34.035208793013354,29
XGBoost,0.9833924814925168,4.399546454013923,8.318509963681999,0.8057616256938561,17.873770908453523,32.487809765739435,29
DNN,0.7403357355147573,25.079310264593826,32.8926800942393,0.5869992492751748,36.421097105582106,47.372721678539854,29
Ensemble (XGB+LGBM),0.9743163708229607,6.673628193016247,10.344782500497084,0.8034842664579697,19.749818258563128,32.67770738883683,29
