protocol,rep,R2,MAE,RMSE
Random (80/20 repeated),0,0.5266379911766914,37.444119604186696,46.036360769779144
Random (80/20 repeated),1,0.5918605931501666,33.746752357444855,41.3895227742561
Random (80/20 repeated),2,0.503139093091114,41.17630018192834,50.1973146115685
Random (80/20 repeated),3,0.5471327223831477,40.05672908809453,47.69663593582386
Random (80/20 repeated),4,0.2634461076708541,37.54099236226873,55.35378986022011
Random (80/20 repeated),5,0.1478918096007642,43.05065844551037,56.26463907090362
Random (80/20 repeated),6,0.586631130090598,39.473879383695376,47.30554004586617
Random (80/20 repeated),7,0.5602746722054077,35.06066245679008,42.798801554182155
Random (80/20 repeated),8,0.3994048067512227,37.010271878557504,43.06370484683713
Random (80/20 repeated),9,0.4738514504261261,38.153947135926764,47.48498045010261
Random (80/20 repeated),10,0.44745796285697836,43.010590165213166,50.85468721310318
Random (80/20 repeated),11,0.5225388089493078,39.068369797709124,47.459925470922016
Random (80/20 repeated),12,0.12284863365257004,40.20436065423694,56.678078059715574
Random (80/20 repeated),13,0.5215033973142742,42.08162699355827,48.595302439094866
Random (80/20 repeated),14,0.6138673345216836,36.84322386766612,40.64748894818187
Random (80/20 repeated),15,0.5577929464985647,40.1160030349944,47.03987678569029
Random (80/20 repeated),16,0.3940602809841074,36.33028256902606,42.89492661475051
Random (80/20 repeated),17,0.6630850615591403,34.77133955220958,44.80830530807315
Random (80/20 repeated),18,0.4500266596875927,43.180529549132395,51.52029720420158
Random (80/20 repeated),19,0.4760112198398426,39.90798839268683,47.786731181378826
Random (80/20 repeated),20,0.42622125294449453,35.94788376061923,45.61705849165618
Random (80/20 repeated),21,0.5091597573020127,41.25752003428922,49.03106163401039
Random (80/20 repeated),22,0.29083442750768607,49.62128070642149,59.143924588462184
Random (80/20 repeated),23,0.4623653476402715,37.892658175607394,44.832738487026305
Random (80/20 repeated),24,-0.08816538024792542,44.558208503103515,66.7588359018843
Random (80/20 repeated),25,0.0890994309950155,40.16345038058157,60.0662925179895
Random (80/20 repeated),26,-0.2801528891438554,44.39426267122459,64.76153491780028
Random (80/20 repeated),27,0.24898851428951618,42.57340285573136,49.129508599245135
Random (80/20 repeated),28,0.34750604875424573,40.10297135656777,46.36170309477819
Random (80/20 repeated),29,0.5968219217920151,35.560771002598216,42.22903424001245
Random (80/20 repeated),30,0.557974925008955,36.85040402314821,43.97616127598113
Random (80/20 repeated),31,0.4216031140047094,38.3177801311856,47.7369343093677
Random (80/20 repeated),32,0.3689662747077237,42.30596627060087,59.05443937326572
Random (80/20 repeated),33,0.5640988896850094,35.223101738901036,41.02702465491456
Random (80/20 repeated),34,0.0442730840744604,35.24322980725328,53.825116986842794
Random (80/20 repeated),35,0.5678284762451449,34.28483200629247,40.645231929332496
Random (80/20 repeated),36,0.6141701177914487,32.29830955982708,37.00107807685895
Random (80/20 repeated),37,0.6033492414109128,34.69690955040698,42.99137877639181
Random (80/20 repeated),38,0.11810213371018252,35.362562666898924,56.90033707922208
Random (80/20 repeated),39,0.5558280304193803,37.61242675133142,46.912831865794885
Random (80/20 repeated),40,0.3271030310366607,39.87467496297927,47.82659612947137
Random (80/20 repeated),41,0.4130971936162786,42.61100901602858,50.46821328509236
Random (80/20 repeated),42,0.437222623605096,38.833193679306326,47.688687013547934
Random (80/20 repeated),43,0.6017244881639323,41.41482216874549,50.82459742379353
Random (80/20 repeated),44,0.6510761696361578,36.91939904284323,43.56298812739985
Random (80/20 repeated),45,0.558552084961927,33.26716552789716,40.833370636901
Random (80/20 repeated),46,0.5557062836780016,37.39077802499289,45.33057582759725
Random (80/20 repeated),47,0.34876534791148495,41.88110587506979,57.59177493780861
Random (80/20 repeated),48,0.28145878328763396,41.92352707853494,59.700111437253874
Random (80/20 repeated),49,0.4014022983110842,42.22408782031978,58.950485263323245
Random (80/20 repeated),50,0.5110162416309358,38.660399391877704,45.45187378385475
Random (80/20 repeated),51,0.4846856394447957,38.80058201658198,48.915236288749014
Random (80/20 repeated),52,0.5908256411969414,38.571698028347015,43.567780961075016
Random (80/20 repeated),53,0.573178165631915,33.86253793687253,39.47311718340668
Random (80/20 repeated),54,0.34217340413162445,42.43108007370703,50.72432091141151
Random (80/20 repeated),55,0.26707126537132864,37.74810845119962,55.14528526221968
Random (80/20 repeated),56,0.4129871625520287,44.43519836270308,55.30822066193604
Random (80/20 repeated),57,0.36357841641216726,42.697880365358394,58.064446964483864
Random (80/20 repeated),58,0.4953058918281912,37.76373035345961,47.14686326861091
Random (80/20 repeated),59,0.6034623774573256,30.637579987663628,36.95926881671084
Random (80/20 repeated),60,0.2562213981712951,42.72747889933633,49.37039490823445
Random (80/20 repeated),61,0.4317506156571309,38.51855381897852,45.88730517357069
Random (80/20 repeated),62,0.4699887099255077,41.501987120203765,48.89750116064
Random (80/20 repeated),63,0.4384404702968686,33.926365862023594,40.05939944507046
Random (80/20 repeated),64,0.2275922061546306,41.49574121322415,49.31363977246224
Random (80/20 repeated),65,0.5732194789722154,34.15899953126327,40.83864305710438
Random (80/20 repeated),66,0.569384282570735,33.407899204779255,38.7214608994575
Random (80/20 repeated),67,0.5322445354837506,39.097235522102984,46.502685082446085
Random (80/20 repeated),68,0.42105153631731185,40.00936683265986,46.91482047577187
Random (80/20 repeated),69,0.2954829128805365,36.92399754257023,54.721115585173926
Random (80/20 repeated),70,0.6613845780364316,34.42423271737225,40.58188386930176
Random (80/20 repeated),71,0.4838032733938413,33.57133734615408,39.72789962949115
Random (80/20 repeated),72,0.34413677117032626,41.02726253384531,49.58061261373005
Random (80/20 repeated),73,0.3989839107008769,35.8214077548753,42.677838526135076
Random (80/20 repeated),74,0.4778090924808236,46.82129588101192,54.98582261617182
Random (80/20 repeated),75,0.615887162991288,37.684765597619,44.781329966287075
Random (80/20 repeated),76,0.6214541476146906,32.53773378364792,39.215435353316394
Random (80/20 repeated),77,0.4689223958074321,37.833959981726125,46.28535092373953
Random (80/20 repeated),78,0.4753984756706926,34.35855697663625,42.821821610292204
Random (80/20 repeated),79,0.516947355773903,37.594286973869664,46.591864830207605
Random (80/20 repeated),80,-0.3156691465809851,47.39381487868707,65.77131260986984
Random (80/20 repeated),81,0.5309785359401585,34.66895905666744,43.21444401665014
Random (80/20 repeated),82,0.6730221875087352,35.79886349951067,43.82169231847815
Random (80/20 repeated),83,0.6694749668902304,37.12014339753646,44.77329336657094
Random (80/20 repeated),84,0.10943382802312829,42.64551063051031,60.75517650209583
Random (80/20 repeated),85,0.47115292229761896,40.756948317237025,47.353302446326666
Random (80/20 repeated),86,0.06142865214949578,39.032929559732615,54.41799445039086
Random (80/20 repeated),87,0.577197472180337,28.931693652721776,37.61019800281543
Random (80/20 repeated),88,-0.031446408475823695,44.42444874516591,64.18342284328484
Random (80/20 repeated),89,0.49736887455320633,39.56722998437427,49.29090981026486
Random (80/20 repeated),90,0.14290510045319305,45.64313940882148,62.760674142555736
Random (80/20 repeated),91,0.6216946822719305,33.32232643086166,42.67124294580749
Random (80/20 repeated),92,0.5338456936064895,33.42134775009304,39.66271455065862
Random (80/20 repeated),93,0.5948605628992889,34.98276584123949,41.04213631207878
Random (80/20 repeated),94,0.6673880569235633,33.15022081711506,42.8832662526609
Random (80/20 repeated),95,0.3546954855577885,41.49526123601572,49.24844339358294
Random (80/20 repeated),96,0.10366893030284552,41.72629773781963,59.13702704816841
Random (80/20 repeated),97,0.6643247014572458,31.234942566961372,36.160063903112295
Random (80/20 repeated),98,0.6068727091085742,35.15458990829357,42.158810444134446
Random (80/20 repeated),99,0.48190162298515316,42.21416943735937,51.512538822528654
Random (80/20 repeated),100,0.6008003418022507,35.04519181735283,43.45117942861098
Random (80/20 repeated),101,0.4359841760210921,35.31385033812717,42.58855249271805
Random (80/20 repeated),102,0.43395425088704587,40.40087856465673,49.29919535981624
Random (80/20 repeated),103,0.32593659354537363,41.79945957364211,57.928069123646
Random (80/20 repeated),104,0.4427072059234656,40.76034349282034,49.150408542499
Random (80/20 repeated),105,0.3452840212253878,40.71964558116931,48.57343378271727
Random (80/20 repeated),106,0.5836274373147212,33.21942045774323,40.176518671467456
Random (80/20 repeated),107,0.5402585594626543,33.35919583715773,39.70176995660774
Random (80/20 repeated),108,0.6344313743056056,35.56940055344892,40.5549585379842
Random (80/20 repeated),109,0.4593166364688247,40.958532407863814,49.93889595808203
Random (80/20 repeated),110,0.60561992822517,31.313053252957708,39.684369665276996
Random (80/20 repeated),111,0.258344373910244,39.3629703134727,57.88816504669578
Random (80/20 repeated),112,0.66067702501761,35.248024905236655,42.712496740288024
Random (80/20 repeated),113,0.46525347061087063,39.538884757663325,48.52091557392623
Random (80/20 repeated),114,0.023424285250246202,46.90950457916857,63.38991896099888
Random (80/20 repeated),115,0.676362123020928,30.46771510218451,35.05212572408195
Random (80/20 repeated),116,0.40727443978609124,39.612320012163714,50.088848473835746
Random (80/20 repeated),117,0.6271040663776007,36.04566288588436,45.54103333049597
Random (80/20 repeated),118,0.33563704605533273,41.04492045773384,50.09509577328009
Random (80/20 repeated),119,0.580773407894636,40.969762197304384,49.891887052326936
Random (80/20 repeated),120,0.1268248814573164,39.68499020636479,55.06493287395263
Random (80/20 repeated),121,0.3251090087304067,41.908825056519504,58.91461731920303
Random (80/20 repeated),122,0.06205637068023517,38.73928586508192,55.545732808496915
Random (80/20 repeated),123,0.4260626673931108,37.97234506781053,45.605299839194096
Random (80/20 repeated),124,0.5774735857251078,34.32334837324073,42.842177412556396
Random (80/20 repeated),125,0.5247391248940386,37.73069956099778,48.44052115727429
Random (80/20 repeated),126,0.5869381239132332,35.00982996462443,40.116339161672244
Random (80/20 repeated),127,0.5037501661693196,35.28727061072453,42.913922357693174
Random (80/20 repeated),128,0.441402975833328,41.878525241605544,52.12351579633019
Random (80/20 repeated),129,0.34503822627718794,40.52150134431319,58.19670907452693
Random (80/20 repeated),130,0.5624484071263243,37.55425206867129,44.75113886006865
Random (80/20 repeated),131,0.5312752089159162,35.76342531222244,41.51976772897734
Random (80/20 repeated),132,0.6685842414718599,27.19984256006359,34.42376492561842
Random (80/20 repeated),133,0.4948584214963675,42.36009070802026,51.83375996477281
Random (80/20 repeated),134,-0.2076434053682079,40.04056308700304,57.50880854118792
Random (80/20 repeated),135,0.4439534735198144,41.037586365494285,47.114054171828755
Random (80/20 repeated),136,0.22568013939911258,39.90406888611996,55.90932825220174
Random (80/20 repeated),137,0.2147777697961848,44.32393144199276,53.8568582677184
Random (80/20 repeated),138,0.3414197089185008,44.469898827800456,51.388117664093855
Random (80/20 repeated),139,-0.0634779588319001,42.38494899136732,60.84019179630886
Random (80/20 repeated),140,0.4795208273147733,38.48745340208067,46.515971130252595
Random (80/20 repeated),141,0.4817211409303822,33.56539262161347,38.92135171226237
Random (80/20 repeated),142,-0.2794969399472431,42.000752492611156,60.27725205035802
Random (80/20 repeated),143,0.5484595573460485,33.795510851013525,42.20658319480317
Random (80/20 repeated),144,0.4264906917528535,39.011656846951674,43.59385037714119
Random (80/20 repeated),145,0.3842092574404423,44.61518545750021,60.1887859207114
Random (80/20 repeated),146,0.43547107013307207,41.449065078610964,50.775064563381065
Random (80/20 repeated),147,0.5988299190923836,37.16096331347281,44.62205100836756
Random (80/20 repeated),148,0.4341460927158134,38.95034525082768,48.59742463121264
Random (80/20 repeated),149,0.407261232627919,42.02462240372656,51.130627627376505
Random (80/20 repeated),150,0.38606951914266097,38.39857107388915,45.56977057099979
Random (80/20 repeated),151,0.5393602417670189,35.15182215364889,41.57987224170673
Random (80/20 repeated),152,0.5912810018121013,37.152718940161414,45.10551576713056
Random (80/20 repeated),153,-0.0357772095195239,36.47698513780258,56.59487965768895
Random (80/20 repeated),154,0.6904125062519605,28.270476228167652,35.65685644648718
Random (80/20 repeated),155,0.1562823581919529,42.27851443698761,59.813539768097456
Random (80/20 repeated),156,0.13522762126595755,45.28024927749291,62.34723519315268
Random (80/20 repeated),157,0.47296239077032176,39.22057710316475,48.046688967629336
Random (80/20 repeated),158,0.49270636980389404,40.22664356226672,47.32952170933151
Random (80/20 repeated),159,-0.11687410897686523,41.05182833250343,59.18504275229967
Random (80/20 repeated),160,0.6019132391929782,37.69632891935002,46.42337822844783
Random (80/20 repeated),161,0.5098775759217853,38.812348988020716,48.0700163005445
Random (80/20 repeated),162,0.5976119477041606,33.299931662589714,39.73912265469629
Random (80/20 repeated),163,0.10639902726312345,43.84117696401117,61.14317426601586
Random (80/20 repeated),164,0.546158604377768,36.62156406165031,43.05943105314853
Random (80/20 repeated),165,0.5280505963419933,34.16101387261358,41.22515008790138
Random (80/20 repeated),166,0.48558086963308567,38.17989062871196,46.93777570725022
Random (80/20 repeated),167,0.4360470371255445,38.981051438763245,45.7575353051144
Random (80/20 repeated),168,0.17654325957694406,41.4059848932447,57.69685168419039
Random (80/20 repeated),169,0.5363071999695459,39.5213815260823,47.18803808437246
Random (80/20 repeated),170,0.4139517865746658,44.06967545288278,60.687409293453705
Random (80/20 repeated),171,0.49256319423213313,39.25192909175824,43.73941186126268
Random (80/20 repeated),172,0.4701288932892723,36.69434591337698,44.040361454833224
Random (80/20 repeated),173,0.24710168696185497,40.60333308079838,47.11635428415178
Random (80/20 repeated),174,-0.13668372318021627,54.8619929378445,74.87355361775211
Random (80/20 repeated),175,0.2903957945958284,40.37802524154743,49.38364730195161
Random (80/20 repeated),176,0.5559360415625891,37.056813488826094,45.320439069065934
Random (80/20 repeated),177,0.41195236130320834,36.74296210699825,43.49147375604091
Random (80/20 repeated),178,0.5758724474587092,31.732343707446944,36.171880283779196
Random (80/20 repeated),179,0.5935737914493047,32.33077421812214,38.475150619220805
Random (80/20 repeated),180,0.5770672840448909,39.34471286781911,46.470990329247954
Random (80/20 repeated),181,0.44495310381403286,41.17804812903658,50.82279142020721
Random (80/20 repeated),182,0.4787828827889402,41.0843243252286,50.828228383789444
Random (80/20 repeated),183,0.1013660881004872,46.17214595541965,64.74867586468133
Random (80/20 repeated),184,-0.007741503768479818,44.903603482020706,62.6410465349429
Random (80/20 repeated),185,0.6836660366883482,30.988982534745045,35.66124462801967
Random (80/20 repeated),186,0.042097118425903135,45.2180395361722,59.13418988621909
Random (80/20 repeated),187,0.5509658543713737,38.34415443079175,46.57838932071885
Random (80/20 repeated),188,-0.17496598755566595,44.96878468866591,68.42046457263015
Random (80/20 repeated),189,0.08333716271106262,44.40408205399758,59.42029864541329
Random (80/20 repeated),190,-0.014804450409582337,47.50899109403055,63.406150832583265
Random (80/20 repeated),191,0.4866112840025595,39.111489393551835,43.493176835857454
Random (80/20 repeated),192,0.5949898557634827,32.031505093305654,39.243019475382475
Random (80/20 repeated),193,0.41537478222505475,38.11324613483607,45.468261156654634
Random (80/20 repeated),194,0.4884389758622796,39.21149062362221,48.517014649219455
Random (80/20 repeated),195,0.5244766279834778,47.81447667743687,56.380782383230375
Random (80/20 repeated),196,0.5882089440980691,40.54103183937059,46.508323479116754
Random (80/20 repeated),197,0.5748124105708805,37.05309041672974,47.206428836189204
Random (80/20 repeated),198,0.003556376371590897,40.54863094369227,57.73340028362583
Random (80/20 repeated),199,0.2562111503252774,41.55261502870835,49.228101169011495
Random (80/20 repeated),200,0.5430843416434035,42.489099115225336,52.96989521709766
Random (80/20 repeated),201,0.6369844947281338,37.12355754852347,43.2653391094907
Random (80/20 repeated),202,0.14256359518032968,45.76975340478764,60.207626418808914
Random (80/20 repeated),203,0.7062580015377075,32.5246026531814,37.40514727565199
Random (80/20 repeated),204,0.2874827414675626,35.07114652605302,53.156054170347254
Random (80/20 repeated),205,0.5585265471243501,31.629199956415242,37.53296832419535
Random (80/20 repeated),206,0.3360913241628841,41.55104164060951,58.75602522097147
Random (80/20 repeated),207,0.36015699368073806,38.39050771647773,55.153025228759255
Random (80/20 repeated),208,0.20844840086508176,40.60756096456486,49.28648269436028
Random (80/20 repeated),209,0.5348825611666121,40.242307430910465,48.452406666267336
Random (80/20 repeated),210,0.5145654952731558,38.6863022312529,49.36847893997117
Random (80/20 repeated),211,0.527252245711246,36.649013397594885,46.573542792164126
Random (80/20 repeated),212,0.6012583994151686,37.01597263310834,44.82917463621265
Random (80/20 repeated),213,0.2034464388358188,43.89262155755304,63.624653894211036
Random (80/20 repeated),214,0.43288621084517376,40.83636054355029,50.46393958088309
Random (80/20 repeated),215,0.48597322300403,41.64174424838358,50.58671264207651
Random (80/20 repeated),216,0.5440996098978703,41.17503899374557,49.10072617279519
Random (80/20 repeated),217,0.4404834635785787,40.94203779331671,47.76627769849254
Random (80/20 repeated),218,0.3098586508445339,46.552239227510015,62.40757047439483
Random (80/20 repeated),219,0.45299206351317967,35.136131400650996,45.38055791137619
Random (80/20 repeated),220,0.2807567953892529,34.99198759154846,41.54499847484993
Random (80/20 repeated),221,0.6366645593104805,35.565376820412816,43.372099899371136
Random (80/20 repeated),222,0.16883776834614883,37.90655331660668,58.33973322301329
Random (80/20 repeated),223,0.5338320610071215,38.87920245841733,49.14872958878104
Random (80/20 repeated),224,0.4217230017166318,41.21814895104426,49.9501391608451
Random (80/20 repeated),225,0.04939004685777104,48.03544539003189,65.52123546728686
Random (80/20 repeated),226,0.5109107373654976,44.26751912968643,52.62603736341794
Random (80/20 repeated),227,0.6804793399298092,30.434073992367956,37.775031169717245
Random (80/20 repeated),228,0.25352497310886746,41.20299267067489,49.05501447808102
Random (80/20 repeated),229,-0.11388112732456346,43.82289680468763,64.87803503505702
Random (80/20 repeated),230,-0.04357666758375811,44.421206285070674,64.85486161899942
Random (80/20 repeated),231,0.6143458155060927,36.630885525373046,47.06288533889084
Random (80/20 repeated),232,0.3647981870962842,47.54839819784266,57.825994171218035
Random (80/20 repeated),233,0.49773487860205645,40.36610742753127,48.99523536134135
Random (80/20 repeated),234,0.35749584601672113,41.235864478918415,50.96457131625096
Random (80/20 repeated),235,0.09587191735312384,41.97656408752752,60.55597868170931
Random (80/20 repeated),236,0.5210733996028174,41.40430652003526,49.81997740100507
Random (80/20 repeated),237,0.5874964005571155,37.10145461405673,42.610776413759275
Random (80/20 repeated),238,0.5299987184348117,40.50027606015648,50.784145383956904
Random (80/20 repeated),239,0.5800917421274645,32.11485103320527,38.52551497049042
Random (80/20 repeated),240,0.5572218690033889,41.61304009038254,50.19979710835967
Random (80/20 repeated),241,0.5120644139397943,35.582589485110425,43.40556692362878
Random (80/20 repeated),242,0.49573955639579625,38.29267233360151,47.99459826396233
Random (80/20 repeated),243,0.4255428556461659,40.141154606560995,48.925189777137554
Random (80/20 repeated),244,0.4238650254701042,34.502446624521426,41.3769942407976
Random (80/20 repeated),245,0.4155811179907588,42.86485609376596,49.09773293140718
Random (80/20 repeated),246,0.3123795750823556,35.113886360053435,54.02933934903559
Random (80/20 repeated),247,0.30295781753355533,44.872229836718525,51.98195795228745
Random (80/20 repeated),248,0.4891292039088887,33.803419198035876,39.67347662457203
Random (80/20 repeated),249,0.5843142034642099,39.89862803129281,50.84537210965499
Group-based (Leave-One-Reference-Out),-1,-1.2185164622807978,81.64331991805973,99.03452540907008